News_Financieres;
FirstFT: Apple’s iPhone sales rebound but total revenue continues decline;
US economy set to have added jobs at slowest pace since 2020;
Flood of bond sales pushes up UK borrowing costs ;
China seeks to ease fears of legal disputes to bolster global trade;
The rate raising cycle is moving into its final stages;
UK mortgage approvals beat forecasts to hit five-month high;
The harm that sanctions do to the vulnerable;
ECB raises rates as Lagarde warns of ‘more ground to cover’;
The Fed: no secrets, no promises Premium content;
Virgin Money profits dive after jump in bad loan provisions;
How ‘local’ are the local elections?;
‘Getting close’: Fed chair seeds expectations for rate rise pause;
Big investors call on companies to slash use of plastics;
Chinese airlines will be allowed to expand their flights to the US;
Fed implements quarter-point rate rise and signals potential pause;
Airbus warns that supply chain crisis could last until 2024;
Rapid growth of AI spurs calls for greater regulation;
Price of cheddar, milk and eggs soars above UK headline inflation;
The Lex Newsletter: Italy puts a new spin on national security  Premium content;
FirstFT: US investors shun Chinese stocks;
Washington signals support for South Korean chipmakers in US battle with China;
Global inflation tracker: see how your country compares on rising prices;
US investor interest in China cools as political tensions grow;
Risk of Fed fissures grows as inflation fight tests resolve;
The ‘slow coup’ taking Tunisia back to autocracy;
